property_id,address,orientation
NSW2966604,1 THE LEE,NE
NSW2966604,1 THE LEE,E
NSW2966604,1 THE LEE,SW
NSW2966604,1 THE LEE,E
NSW2966604,1 THE LEE,E
NSW2966604,1 THE LEE,SE
NSW2966604,1 THE LEE,SE
NSW2828125,10 CHARLES STREET,W
NSW2828125,10 CHARLES STREET,SE
NSW2828125,10 CHARLES STREET,N
NSW2828125,10 CHARLES STREET,SE
NSW2828125,10 CHARLES STREET,N
NSW2828125,10 CHARLES STREET,E
NSW2828125,10 CHARLES STREET,SE
NSW2828125,10 CHARLES STREET,W
NSW2828125,10 CHARLES STREET,W
NSW2828125,10 CHARLES STREET,SE
NSW2828125,10 CHARLES STREET,NE
NSW2828125,10 CHARLES STREET,N
NSW2828125,10 CHARLES STREET,N
NSW2828125,10 CHARLES STREET,E
NSW2828125,10 CHARLES STREET,E
NSW2828125,10 CHARLES STREET,E
NSW2828125,10 CHARLES STREET,E
NSW2828125,10 CHARLES STREET,NW
NSW2828125,10 CHARLES STREET,W
NSW2828125,10 CHARLES STREET,W
NSW2828125,10 CHARLES STREET,W
NSW2828125,10 CHARLES STREET,SW
NSW2828125,10 CHARLES STREET,N
NSW2828125,10 CHARLES STREET,SE
NSW2914053,10A THE OUTPOST,W
NSW2914053,10A THE OUTPOST,E
NSW2914053,10A THE OUTPOST,NW
NSW2914053,10A THE OUTPOST,NW
NSW2914053,10A THE OUTPOST,NW
NSW2911045,11 THE BARRICADE,N
NSW2911045,11 THE BARRICADE,NW
NSW2911045,11 THE BARRICADE,SW
NSW2911045,11 THE BARRICADE,NE
NSW2911045,11 THE BARRICADE,S
NSW2911045,11 THE BARRICADE,N
NSW2911045,11 THE BARRICADE,S
NSW2911045,11 THE BARRICADE,NW
NSW2911057,11 THE BASTION,S
NSW2911057,11 THE BASTION,NW
NSW2911057,11 THE BASTION,SW
NSW2911057,11 THE BASTION,NE
NSW2911057,11 THE BASTION,NE
NSW2911057,11 THE BASTION,NE
NSW2911057,11 THE BASTION,N
NSW2911057,11 THE BASTION,E
NSW2911057,11 THE BASTION,SE
NSW2911057,11 THE BASTION,SW
NSW2911057,11 THE BASTION,NW
NSW2911057,11 THE BASTION,S
NSW2911057,11 THE BASTION,S
NSW2911057,11 THE BASTION,NW
NSW2911057,11 THE BASTION,E
NSW2911057,11 THE BASTION,E
NSW2911057,11 THE BASTION,NW
NSW2911057,11 THE BASTION,NW
NSW2911057,11 THE BASTION,NW
NSW2911057,11 THE BASTION,E
NSW2911057,11 THE BASTION,S
NSW2911057,11 THE BASTION,N
NSW2911057,11 THE BASTION,NW
NSW3617729,12 GARDEN PLACE,SE
NSW2914314,12 THE TOR WALK,SE
NSW2914314,12 THE TOR WALK,W
NSW2914314,12 THE TOR WALK,SW
NSW2914314,12 THE TOR WALK,SW
NSW2914314,12 THE TOR WALK,SW
NSW2914314,12 THE TOR WALK,SW
NSW2914314,12 THE TOR WALK,SW
NSW2914314,12 THE TOR WALK,W
NSW2914314,12 THE TOR WALK,NE
NSW2914314,12 THE TOR WALK,SW
NSW2914314,12 THE TOR WALK,SW
NSW2914314,12 THE TOR WALK,NW
NSW2914314,12 THE TOR WALK,W
NSW2914314,12 THE TOR WALK,SW
NSW2914314,12 THE TOR WALK,W
NSW2914314,12 THE TOR WALK,SW
NSW2914314,12 THE TOR WALK,NW
NSW2914314,12 THE TOR WALK,E
NSW2914314,12 THE TOR WALK,S
NSW2914314,12 THE TOR WALK,E
NSW2914314,12 THE TOR WALK,NW
NSW2914314,12 THE TOR WALK,W
NSW2914314,12 THE TOR WALK,W
NSW2914314,12 THE TOR WALK,W
NSW2914314,12 THE TOR WALK,W
NSW2914314,12 THE TOR WALK,E
NSW2914314,12 THE TOR WALK,W
NSW2914314,12 THE TOR WALK,E
NSW2914314,12 THE TOR WALK,SW
NSW2914314,12 THE TOR WALK,E
NSW2914314,12 THE TOR WALK,W
NSW2914314,12 THE TOR WALK,W
NSW2914314,12 THE TOR WALK,E
NSW2914314,12 THE TOR WALK,W
NSW2914314,12 THE TOR WALK,W
NSW2914314,12 THE TOR WALK,W
NSW2914314,12 THE TOR WALK,SW
NSW2914314,12 THE TOR WALK,SE
NSW2914314,12 THE TOR WALK,W
NSW2914314,12 THE TOR WALK,W
NSW2914314,12 THE TOR WALK,SW
NSW2914314,12 THE TOR WALK,W
NSW2940411,123 EASTERN VALLEY WAY,SE
NSW2940411,123 EASTERN VALLEY WAY,SE
NSW2940411,123 EASTERN VALLEY WAY,W
NSW2940411,123 EASTERN VALLEY WAY,NW
NSW2940411,123 EASTERN VALLEY WAY,N
NSW2940411,123 EASTERN VALLEY WAY,W
NSW2940411,123 EASTERN VALLEY WAY,N
NSW2940411,123 EASTERN VALLEY WAY,W
NSW2940411,123 EASTERN VALLEY WAY,SE
NSW2940411,123 EASTERN VALLEY WAY,W
NSW2940411,123 EASTERN VALLEY WAY,W
NSW2940411,123 EASTERN VALLEY WAY,S
NSW2940411,123 EASTERN VALLEY WAY,W
NSW2940411,123 EASTERN VALLEY WAY,E
NSW2940411,123 EASTERN VALLEY WAY,W
NSW2940411,123 EASTERN VALLEY WAY,W
NSW2940411,123 EASTERN VALLEY WAY,W
NSW2940411,123 EASTERN VALLEY WAY,W
NSW2940411,123 EASTERN VALLEY WAY,W
NSW2940411,123 EASTERN VALLEY WAY,W
NSW2940411,123 EASTERN VALLEY WAY,SW
NSW2940411,123 EASTERN VALLEY WAY,N
NSW2940411,123 EASTERN VALLEY WAY,SE
NSW2940411,123 EASTERN VALLEY WAY,W
NSW2940411,123 EASTERN VALLEY WAY,S
NSW2940411,123 EASTERN VALLEY WAY,W
NSW2940411,123 EASTERN VALLEY WAY,W
NSW2940411,123 EASTERN VALLEY WAY,W
NSW2940411,123 EASTERN VALLEY WAY,E
NSW2940411,123 EASTERN VALLEY WAY,NW
NSW2940411,123 EASTERN VALLEY WAY,NW
NSW2940411,123 EASTERN VALLEY WAY,NW
NSW2940411,123 EASTERN VALLEY WAY,E
NSW2940411,123 EASTERN VALLEY WAY,NW
NSW2940411,123 EASTERN VALLEY WAY,NW
NSW2940411,123 EASTERN VALLEY WAY,SE
NSW2940411,123 EASTERN VALLEY WAY,SE
NSW2940411,123 EASTERN VALLEY WAY,SE
NSW2940411,123 EASTERN VALLEY WAY,NW
NSW2940411,123 EASTERN VALLEY WAY,NW
NSW2940411,123 EASTERN VALLEY WAY,NW
NSW2940411,123 EASTERN VALLEY WAY,E
NSW2940411,123 EASTERN VALLEY WAY,NW
NSW2940411,123 EASTERN VALLEY WAY,SE
NSW2940411,123 EASTERN VALLEY WAY,W
NSW2940411,123 EASTERN VALLEY WAY,W
NSW2940411,123 EASTERN VALLEY WAY,SE
NSW2940411,123 EASTERN VALLEY WAY,W
NSW2940411,123 EASTERN VALLEY WAY,SE
NSW2940411,123 EASTERN VALLEY WAY,S
NSW2940411,123 EASTERN VALLEY WAY,E
NSW2940411,123 EASTERN VALLEY WAY,NW
NSW2940411,123 EASTERN VALLEY WAY,NW
NSW2940411,123 EASTERN VALLEY WAY,SE
NSW2940411,123 EASTERN VALLEY WAY,E
NSW2940411,123 EASTERN VALLEY WAY,SE
NSW2848915,13 COVELEE CIRCUIT,NE
NSW2848915,13 COVELEE CIRCUIT,S
NSW2848915,13 COVELEE CIRCUIT,N
NSW2848915,13 COVELEE CIRCUIT,N
NSW2848915,13 COVELEE CIRCUIT,SE
NSW2848915,13 COVELEE CIRCUIT,E
NSW2848915,13 COVELEE CIRCUIT,E
NSW2911257,15 THE CITADEL,W
NSW2911257,15 THE CITADEL,W
NSW2911257,15 THE CITADEL,NE
NSW2911257,15 THE CITADEL,S
NSW2911257,15 THE CITADEL,E
NSW2911257,15 THE CITADEL,NW
NSW2911257,15 THE CITADEL,E
NSW2911257,15 THE CITADEL,N
NSW2911257,15 THE CITADEL,W
NSW2911257,15 THE CITADEL,N
NSW2911257,15 THE CITADEL,S
NSW2911257,15 THE CITADEL,E
NSW2911257,15 THE CITADEL,W
NSW2911257,15 THE CITADEL,W
NSW2914121,18 THE POSTERN,W
NSW2914121,18 THE POSTERN,E
NSW2914121,18 THE POSTERN,N
NSW2914121,18 THE POSTERN,N
NSW2914121,18 THE POSTERN,N
NSW2914121,18 THE POSTERN,SE
NSW2914121,18 THE POSTERN,W
NSW2914121,18 THE POSTERN,S
NSW2914121,18 THE POSTERN,S
NSW2914121,18 THE POSTERN,SW
NSW2914121,18 THE POSTERN,SW
NSW2914121,18 THE POSTERN,SW
NSW2914121,18 THE POSTERN,N
NSW2914121,18 THE POSTERN,SW
NSW2914121,18 THE POSTERN,SW
NSW2914121,18 THE POSTERN,E
NSW2914121,18 THE POSTERN,SW
NSW2914121,18 THE POSTERN,SW
NSW2914121,18 THE POSTERN,SW
NSW2914121,18 THE POSTERN,SW
NSW2914121,18 THE POSTERN,S
NSW2940116,1B THE BULWARK,W
NSW2940116,1B THE BULWARK,S
NSW2940116,1B THE BULWARK,S
NSW2940116,1B THE BULWARK,S
NSW2940116,1B THE BULWARK,E
NSW2940116,1B THE BULWARK,SW
NSW2940116,1B THE BULWARK,NE
NSW2940116,1B THE BULWARK,N
NSW2940116,1B THE BULWARK,SE
NSW2940116,1B THE BULWARK,S
NSW2940116,1B THE BULWARK,NE
NSW2940116,1B THE BULWARK,W
NSW2940116,1B THE BULWARK,SW
NSW2940116,1B THE BULWARK,W
NSW2940116,1B THE BULWARK,NW
NSW2940116,1B THE BULWARK,SW
NSW2940116,1B THE BULWARK,NW
NSW2940116,1B THE BULWARK,E
NSW2940116,1B THE BULWARK,N
NSW2940116,1B THE BULWARK,SE
NSW2940116,1B THE BULWARK,SE
NSW2940116,1B THE BULWARK,W
NSW2940116,1B THE BULWARK,W
NSW2940116,1B THE BULWARK,N
NSW2940116,1B THE BULWARK,E
NSW2940116,1B THE BULWARK,NW
NSW2940116,1B THE BULWARK,SW
NSW2940116,1B THE BULWARK,E
NSW2940116,1B THE BULWARK,S
NSW2940116,1B THE BULWARK,SE
NSW2940116,1B THE BULWARK,E
NSW2940116,1B THE BULWARK,S
NSW2940116,1B THE BULWARK,E
NSW2940116,1B THE BULWARK,NE
NSW2940116,1B THE BULWARK,E
NSW2940116,1B THE BULWARK,SE
NSW2940116,1B THE BULWARK,N
NSW2940116,1B THE BULWARK,NW
NSW2940116,1B THE BULWARK,S
NSW2940116,1B THE BULWARK,E
NSW2940116,1B THE BULWARK,S
NSW2940116,1B THE BULWARK,SE
NSW2940116,1B THE BULWARK,W
NSW2940116,1B THE BULWARK,SE
NSW2940116,1B THE BULWARK,SE
NSW2940116,1B THE BULWARK,S
NSW2940116,1B THE BULWARK,E
NSW2940116,1B THE BULWARK,NE
NSW2940116,1B THE BULWARK,W
NSW2940116,1B THE BULWARK,N
NSW2940116,1B THE BULWARK,NW
NSW2940116,1B THE BULWARK,W
NSW2940116,1B THE BULWARK,NE
NSW2940116,1B THE BULWARK,NW
NSW2940116,1B THE BULWARK,S
NSW2940116,1B THE BULWARK,N
NSW2940116,1B THE BULWARK,SE
NSW2940116,1B THE BULWARK,NW
NSW2940116,1B THE BULWARK,E
NSW2940116,1B THE BULWARK,S
NSW2940116,1B THE BULWARK,SE
NSW2940116,1B THE BULWARK,E
NSW2940116,1B THE BULWARK,NW
NSW2940116,1B THE BULWARK,N
NSW2940116,1B THE BULWARK,S
NSW2940116,1B THE BULWARK,S
NSW2940116,1B THE BULWARK,S
NSW2940116,1B THE BULWARK,W
NSW2940116,1B THE BULWARK,S
NSW2940116,1B THE BULWARK,S
NSW2940116,1B THE BULWARK,SE
NSW2940116,1B THE BULWARK,N
NSW2940116,1B THE BULWARK,S
NSW2940116,1B THE BULWARK,S
NSW2940116,1B THE BULWARK,S
NSW2940116,1B THE BULWARK,S
NSW2940116,1B THE BULWARK,S
NSW2940116,1B THE BULWARK,S
NSW2940116,1B THE BULWARK,S
NSW2940116,1B THE BULWARK,NW
NSW2940116,1B THE BULWARK,SE
NSW2940116,1B THE BULWARK,N
NSW2940116,1B THE BULWARK,E
NSW2940116,1B THE BULWARK,SW
NSW2940116,1B THE BULWARK,NE
NSW2940116,1B THE BULWARK,NE
NSW2940116,1B THE BULWARK,NW
NSW2940116,1B THE BULWARK,NE
NSW2940116,1B THE BULWARK,N
NSW2940116,1B THE BULWARK,NW
NSW2940116,1B THE BULWARK,N
NSW2940116,1B THE BULWARK,NE
NSW2940116,1B THE BULWARK,S
NSW2940116,1B THE BULWARK,SW
NSW2940116,1B THE BULWARK,SE
NSW2940116,1B THE BULWARK,SE
NSW2940116,1B THE BULWARK,E
NSW2940116,1B THE BULWARK,W
NSW2940116,1B THE BULWARK,E
NSW2940116,1B THE BULWARK,SW
NSW2940116,1B THE BULWARK,NE
NSW2940116,1B THE BULWARK,SW
NSW2940116,1B THE BULWARK,S
NSW2940116,1B THE BULWARK,NE
NSW2940116,1B THE BULWARK,E
NSW2940116,1B THE BULWARK,NW
NSW2940116,1B THE BULWARK,W
NSW2940116,1B THE BULWARK,SE
NSW2940116,1B THE BULWARK,E
NSW2940116,1B THE BULWARK,NW
NSW2940116,1B THE BULWARK,NW
NSW2940116,1B THE BULWARK,NW
NSW2940116,1B THE BULWARK,NW
NSW2940116,1B THE BULWARK,N
NSW2940116,1B THE BULWARK,NE
NSW2940116,1B THE BULWARK,NW
NSW2940116,1B THE BULWARK,N
NSW2940116,1B THE BULWARK,SE
NSW2940116,1B THE BULWARK,NW
NSW2860788,2 KNIGHT PLACE,S
NSW2860788,2 KNIGHT PLACE,NW
NSW2860788,2 KNIGHT PLACE,NW
NSW2860788,2 KNIGHT PLACE,NW
NSW2860788,2 KNIGHT PLACE,NW
NSW2860788,2 KNIGHT PLACE,N
NSW2860788,2 KNIGHT PLACE,NW
NSW2860788,2 KNIGHT PLACE,NW
NSW2860788,2 KNIGHT PLACE,NW
NSW2860788,2 KNIGHT PLACE,NW
NSW2860788,2 KNIGHT PLACE,NW
NSW2911044,2 THE BARBICAN,W
NSW2911044,2 THE BARBICAN,NW
NSW2911044,2 THE BARBICAN,S
NSW2911044,2 THE BARBICAN,E
NSW2911044,2 THE BARBICAN,W
NSW2911044,2 THE BARBICAN,W
NSW2911050,2 THE BARTIZAN,S
NSW2911050,2 THE BARTIZAN,NE
NSW2911050,2 THE BARTIZAN,E
NSW2906134,2 WIDGIEWA ROAD,NW
NSW2839022,200 EASTERN VALLEY WAY,NE
NSW2839022,200 EASTERN VALLEY WAY,N
NSW2839022,200 EASTERN VALLEY WAY,E
NSW2874759,21 LINCOLN AVENUE,SW
NSW2874759,21 LINCOLN AVENUE,W
NSW2874759,21 LINCOLN AVENUE,N
NSW2874759,21 LINCOLN AVENUE,S
NSW2874759,21 LINCOLN AVENUE,W
NSW2874759,21 LINCOLN AVENUE,SW
NSW2874759,21 LINCOLN AVENUE,W
NSW2874759,21 LINCOLN AVENUE,N
NSW2874759,21 LINCOLN AVENUE,NW
NSW2874759,21 LINCOLN AVENUE,S
NSW2874759,21 LINCOLN AVENUE,S
NSW2874759,21 LINCOLN AVENUE,SW
NSW2874759,21 LINCOLN AVENUE,NE
NSW2874759,21 LINCOLN AVENUE,NE
NSW2874759,21 LINCOLN AVENUE,NW
NSW2874759,21 LINCOLN AVENUE,NE
NSW2874759,21 LINCOLN AVENUE,SW
NSW2829733,29 CHEYNE WALK,S
NSW2829733,29 CHEYNE WALK,W
NSW2829733,29 CHEYNE WALK,SE
NSW2829733,29 CHEYNE WALK,SE
NSW2829733,29 CHEYNE WALK,SW
NSW2829733,29 CHEYNE WALK,S
NSW2829733,29 CHEYNE WALK,S
NSW2829733,29 CHEYNE WALK,E
NSW2829733,29 CHEYNE WALK,SW
NSW2829733,29 CHEYNE WALK,E
NSW2829733,29 CHEYNE WALK,S
NSW2829733,29 CHEYNE WALK,SE
NSW2829733,29 CHEYNE WALK,SE
NSW2829733,29 CHEYNE WALK,S
NSW2829733,29 CHEYNE WALK,E
NSW2829733,29 CHEYNE WALK,SE
NSW2829733,29 CHEYNE WALK,E
NSW2829733,29 CHEYNE WALK,W
NSW2829733,29 CHEYNE WALK,NE
NSW2829733,29 CHEYNE WALK,NW
NSW2829733,29 CHEYNE WALK,W
NSW2914060,3 THE PALISADE,NE
NSW2839016,327 EASTERN VALLEY WAY,N
NSW2839016,327 EASTERN VALLEY WAY,W
NSW2839016,327 EASTERN VALLEY WAY,N
NSW2839016,327 EASTERN VALLEY WAY,N
NSW2924604,40 SUNNYSIDE CRESCENT,NW
NSW2924604,40 SUNNYSIDE CRESCENT,SE
NSW2924604,40 SUNNYSIDE CRESCENT,NW
NSW2924604,40 SUNNYSIDE CRESCENT,NW
NSW2924604,40 SUNNYSIDE CRESCENT,E
NSW2924604,40 SUNNYSIDE CRESCENT,NW
NSW2924604,40 SUNNYSIDE CRESCENT,NE
NSW2924604,40 SUNNYSIDE CRESCENT,SE
NSW2924604,40 SUNNYSIDE CRESCENT,NW
NSW2924604,40 SUNNYSIDE CRESCENT,NW
NSW2924604,40 SUNNYSIDE CRESCENT,SW
NSW2924604,40 SUNNYSIDE CRESCENT,SE
NSW2924604,40 SUNNYSIDE CRESCENT,NW
NSW2924604,40 SUNNYSIDE CRESCENT,S
NSW2924604,40 SUNNYSIDE CRESCENT,NW
NSW2924604,40 SUNNYSIDE CRESCENT,SE
NSW2924604,40 SUNNYSIDE CRESCENT,S
NSW2924604,40 SUNNYSIDE CRESCENT,SE
NSW2924604,40 SUNNYSIDE CRESCENT,SW
NSW2924604,40 SUNNYSIDE CRESCENT,SE
NSW2924604,40 SUNNYSIDE CRESCENT,NW
NSW2924604,40 SUNNYSIDE CRESCENT,S
NSW2924604,40 SUNNYSIDE CRESCENT,NW
NSW2924604,40 SUNNYSIDE CRESCENT,SE
NSW2924604,40 SUNNYSIDE CRESCENT,E
NSW2924604,40 SUNNYSIDE CRESCENT,NW
NSW2924604,40 SUNNYSIDE CRESCENT,NW
NSW2924604,40 SUNNYSIDE CRESCENT,SE
NSW2924604,40 SUNNYSIDE CRESCENT,S
NSW2924604,40 SUNNYSIDE CRESCENT,E
NSW2924604,40 SUNNYSIDE CRESCENT,E
NSW2924604,40 SUNNYSIDE CRESCENT,NW
NSW2924604,40 SUNNYSIDE CRESCENT,NW
NSW2924604,40 SUNNYSIDE CRESCENT,NW
NSW2924604,40 SUNNYSIDE CRESCENT,NW
NSW2924604,40 SUNNYSIDE CRESCENT,S
NSW2924604,40 SUNNYSIDE CRESCENT,NW
NSW2924604,40 SUNNYSIDE CRESCENT,SW
NSW2924604,40 SUNNYSIDE CRESCENT,SW
NSW2924604,40 SUNNYSIDE CRESCENT,E
NSW2924604,40 SUNNYSIDE CRESCENT,SE
NSW2924604,40 SUNNYSIDE CRESCENT,E
NSW2924604,40 SUNNYSIDE CRESCENT,NW
NSW2924604,40 SUNNYSIDE CRESCENT,E
NSW2924604,40 SUNNYSIDE CRESCENT,S
NSW2924604,40 SUNNYSIDE CRESCENT,E
NSW2924604,40 SUNNYSIDE CRESCENT,N
NSW2924604,40 SUNNYSIDE CRESCENT,E
NSW2924604,40 SUNNYSIDE CRESCENT,N
NSW2924604,40 SUNNYSIDE CRESCENT,NE
NSW2924604,40 SUNNYSIDE CRESCENT,E
NSW2924604,40 SUNNYSIDE CRESCENT,NE
NSW2924604,40 SUNNYSIDE CRESCENT,N
NSW2924604,40 SUNNYSIDE CRESCENT,NW
NSW2924604,40 SUNNYSIDE CRESCENT,NW
NSW2924604,40 SUNNYSIDE CRESCENT,NE
NSW2924604,40 SUNNYSIDE CRESCENT,SE
NSW2924604,40 SUNNYSIDE CRESCENT,SW
NSW2924604,40 SUNNYSIDE CRESCENT,SW
NSW2924604,40 SUNNYSIDE CRESCENT,SW
NSW2924604,40 SUNNYSIDE CRESCENT,SE
NSW2924604,40 SUNNYSIDE CRESCENT,SW
NSW2924604,40 SUNNYSIDE CRESCENT,SW
NSW2924604,40 SUNNYSIDE CRESCENT,NE
NSW2924604,40 SUNNYSIDE CRESCENT,NW
NSW2924604,40 SUNNYSIDE CRESCENT,NW
NSW2924604,40 SUNNYSIDE CRESCENT,NW
NSW2924604,40 SUNNYSIDE CRESCENT,N
NSW2924604,40 SUNNYSIDE CRESCENT,N
NSW2924604,40 SUNNYSIDE CRESCENT,SW
NSW2924604,40 SUNNYSIDE CRESCENT,SW
NSW2924604,40 SUNNYSIDE CRESCENT,NW
NSW2924604,40 SUNNYSIDE CRESCENT,SW
NSW2924604,40 SUNNYSIDE CRESCENT,E
NSW2924604,40 SUNNYSIDE CRESCENT,SW
NSW2924604,40 SUNNYSIDE CRESCENT,SW
NSWL4166632,5 TOWER RESERVE,W
NSW2934125,52 LINDEN WAY,NE
NSW2934125,52 LINDEN WAY,SW
NSW2934125,52 LINDEN WAY,N
NSW2934125,52 LINDEN WAY,NW
NSW2934125,52 LINDEN WAY,W
NSW2934125,52 LINDEN WAY,W
NSW2934125,52 LINDEN WAY,NE
NSW2934125,52 LINDEN WAY,E
NSW2934125,52 LINDEN WAY,N
NSW2934125,52 LINDEN WAY,W
NSW2934125,52 LINDEN WAY,S
NSW2934125,52 LINDEN WAY,N
NSW2934125,52 LINDEN WAY,N
NSW2934125,52 LINDEN WAY,SE
NSW2934125,52 LINDEN WAY,W
NSW2934125,52 LINDEN WAY,NE
NSW2934125,52 LINDEN WAY,W
NSW2934125,52 LINDEN WAY,E
NSW2934125,52 LINDEN WAY,SE
NSW2934125,52 LINDEN WAY,E
NSW2934125,52 LINDEN WAY,E
NSW2934125,52 LINDEN WAY,E
NSW2934125,52 LINDEN WAY,S
NSW2934125,52 LINDEN WAY,E
NSW2934125,52 LINDEN WAY,N
NSW2934125,52 LINDEN WAY,N
NSW2934125,52 LINDEN WAY,W
NSW2934125,52 LINDEN WAY,NE
NSW2934125,52 LINDEN WAY,NE
NSW2934125,52 LINDEN WAY,E
NSW2934125,52 LINDEN WAY,W
NSW2934125,52 LINDEN WAY,SE
NSW2934125,52 LINDEN WAY,E
NSW2934125,52 LINDEN WAY,SE
NSW2934125,52 LINDEN WAY,SW
NSW2934125,52 LINDEN WAY,E
NSW2934125,52 LINDEN WAY,SE
NSW2934125,52 LINDEN WAY,SW
NSW2934125,52 LINDEN WAY,E
NSW2934125,52 LINDEN WAY,W
NSW2934125,52 LINDEN WAY,W
NSW2934125,52 LINDEN WAY,E
NSW2934125,52 LINDEN WAY,N
NSW2934125,52 LINDEN WAY,E
NSW2934125,52 LINDEN WAY,E
NSW2934125,52 LINDEN WAY,W
NSW2934125,52 LINDEN WAY,E
NSW2891130,6 MOROTAI CRESCENT,SW
NSW2891130,6 MOROTAI CRESCENT,SE
NSW2891130,6 MOROTAI CRESCENT,W
NSW2891130,6 MOROTAI CRESCENT,W
NSW2891130,6 MOROTAI CRESCENT,SE
NSW2891130,6 MOROTAI CRESCENT,SW
NSW2891130,6 MOROTAI CRESCENT,N
NSW2891130,6 MOROTAI CRESCENT,NW
NSW2891130,6 MOROTAI CRESCENT,SE
NSW2891130,6 MOROTAI CRESCENT,SW
NSW2891130,6 MOROTAI CRESCENT,E
NSW2891130,6 MOROTAI CRESCENT,N
NSW2891130,6 MOROTAI CRESCENT,N
NSW2891130,6 MOROTAI CRESCENT,S
NSW2891130,6 MOROTAI CRESCENT,SE
NSW2891130,6 MOROTAI CRESCENT,SE
NSW2891130,6 MOROTAI CRESCENT,E
NSW2891130,6 MOROTAI CRESCENT,N
NSW2891130,6 MOROTAI CRESCENT,N
NSW2891130,6 MOROTAI CRESCENT,SE
NSW2891130,6 MOROTAI CRESCENT,E
NSW2891130,6 MOROTAI CRESCENT,W
NSW2891130,6 MOROTAI CRESCENT,W
NSW2891130,6 MOROTAI CRESCENT,N
NSW2891130,6 MOROTAI CRESCENT,N
NSW2891130,6 MOROTAI CRESCENT,NE
NSW2891130,6 MOROTAI CRESCENT,SE
NSW2931086,6 RUTLAND AVENUE,E
NSW2931086,6 RUTLAND AVENUE,E
NSW2931086,6 RUTLAND AVENUE,E
NSW2931086,6 RUTLAND AVENUE,N
NSW2931086,6 RUTLAND AVENUE,SE
NSW2931086,6 RUTLAND AVENUE,W
NSW2931086,6 RUTLAND AVENUE,SE
NSW2931086,6 RUTLAND AVENUE,SE
NSW2931086,6 RUTLAND AVENUE,SE
NSW2931086,6 RUTLAND AVENUE,SW
NSW2931086,6 RUTLAND AVENUE,SE
NSW2931086,6 RUTLAND AVENUE,SE
NSW2931086,6 RUTLAND AVENUE,E
NSW2931086,6 RUTLAND AVENUE,E
NSW2931086,6 RUTLAND AVENUE,E
NSW2931086,6 RUTLAND AVENUE,SE
NSW2931086,6 RUTLAND AVENUE,SE
NSW2931086,6 RUTLAND AVENUE,N
NSW2931086,6 RUTLAND AVENUE,E
NSW2931086,6 RUTLAND AVENUE,N
NSW2931086,6 RUTLAND AVENUE,E
NSW2931086,6 RUTLAND AVENUE,W
NSW2931086,6 RUTLAND AVENUE,E
NSW2931086,6 RUTLAND AVENUE,N
NSW2931086,6 RUTLAND AVENUE,SE
NSW2931086,6 RUTLAND AVENUE,SE
NSW2931086,6 RUTLAND AVENUE,E
NSW2931086,6 RUTLAND AVENUE,SE
NSW2931086,6 RUTLAND AVENUE,SE
NSW2931086,6 RUTLAND AVENUE,W
NSW2931086,6 RUTLAND AVENUE,E
NSW2931086,6 RUTLAND AVENUE,N
NSW2911061,6 THE BATTLEMENT,SE
NSW2911061,6 THE BATTLEMENT,SE
NSW2911061,6 THE BATTLEMENT,E
NSW2911061,6 THE BATTLEMENT,SE
NSW2911061,6 THE BATTLEMENT,S
NSW2911061,6 THE BATTLEMENT,SE
NSW2911061,6 THE BATTLEMENT,SE
NSW2911061,6 THE BATTLEMENT,SE
NSW2911061,6 THE BATTLEMENT,SE
NSW2911061,6 THE BATTLEMENT,SE
NSW2911061,6 THE BATTLEMENT,E
NSW2911061,6 THE BATTLEMENT,SE
NSW2911061,6 THE BATTLEMENT,SE
NSW2911061,6 THE BATTLEMENT,E
NSW2911061,6 THE BATTLEMENT,SE
NSW2911061,6 THE BATTLEMENT,W
NSW2911061,6 THE BATTLEMENT,NW
NSW2911061,6 THE BATTLEMENT,N
NSW2911061,6 THE BATTLEMENT,SE
NSW2911061,6 THE BATTLEMENT,SE
NSW2911061,6 THE BATTLEMENT,SE
NSW2911061,6 THE BATTLEMENT,SE
NSW2911061,6 THE BATTLEMENT,NW
NSW2911061,6 THE BATTLEMENT,NW
NSW2911061,6 THE BATTLEMENT,NW
NSW2911061,6 THE BATTLEMENT,NW
NSW2911061,6 THE BATTLEMENT,SE
NSW2911061,6 THE BATTLEMENT,SE
NSW2911061,6 THE BATTLEMENT,SE
NSW2911061,6 THE BATTLEMENT,SE
NSW2911061,6 THE BATTLEMENT,SE
NSW2911061,6 THE BATTLEMENT,SE
NSW2911061,6 THE BATTLEMENT,NW
NSW2911061,6 THE BATTLEMENT,SE
NSW2911061,6 THE BATTLEMENT,SE
NSW2911061,6 THE BATTLEMENT,SE
NSW2911061,6 THE BATTLEMENT,SE
NSW2911061,6 THE BATTLEMENT,SW
NSW2911061,6 THE BATTLEMENT,SE
NSW2911061,6 THE BATTLEMENT,SE
NSW2911061,6 THE BATTLEMENT,SW
NSW2914148,6 THE RAMPART,N
NSW2914148,6 THE RAMPART,SW
NSW2914148,6 THE RAMPART,NE
NSW2914148,6 THE RAMPART,SE
NSW2914148,6 THE RAMPART,W
NSW2914148,6 THE RAMPART,W
NSW2914148,6 THE RAMPART,NW
NSW2914148,6 THE RAMPART,NW
NSW2914148,6 THE RAMPART,W
NSW2914148,6 THE RAMPART,N
NSW2914148,6 THE RAMPART,S
NSW2914148,6 THE RAMPART,N
NSW2914148,6 THE RAMPART,N
NSW2914148,6 THE RAMPART,NW
NSW2914148,6 THE RAMPART,N
NSW2914148,6 THE RAMPART,SE
NSW2914148,6 THE RAMPART,N
NSW2914148,6 THE RAMPART,N
NSW2914148,6 THE RAMPART,W
NSW2914148,6 THE RAMPART,N
NSW2914148,6 THE RAMPART,N
NSW2914148,6 THE RAMPART,N
NSW2914148,6 THE RAMPART,SE
NSW2914148,6 THE RAMPART,W
NSW2914148,6 THE RAMPART,SW
NSW2914148,6 THE RAMPART,NW
NSW2914148,6 THE RAMPART,SE
NSW2914148,6 THE RAMPART,SE
NSW2914148,6 THE RAMPART,NE
NSW2914148,6 THE RAMPART,W
NSW2914148,6 THE RAMPART,SE
NSW2914148,6 THE RAMPART,NW
NSW2914148,6 THE RAMPART,W
NSW2914148,6 THE RAMPART,N
NSW2914148,6 THE RAMPART,W
NSW2914148,6 THE RAMPART,W
NSW2914148,6 THE RAMPART,NW
NSW2914148,6 THE RAMPART,NW
NSW2914148,6 THE RAMPART,NW
NSW2914148,6 THE RAMPART,W
NSW2914148,6 THE RAMPART,SE
NSW2914148,6 THE RAMPART,SE
NSW2914148,6 THE RAMPART,NW
NSW2914148,6 THE RAMPART,SW
NSW2914148,6 THE RAMPART,E
NSW2914148,6 THE RAMPART,NE
NSW2914148,6 THE RAMPART,NE
NSW2914221,6 THE SCARP,S
NSW2914221,6 THE SCARP,S
NSW2914221,6 THE SCARP,SE
NSW2914221,6 THE SCARP,SW
NSW2914221,6 THE SCARP,E
NSW2914221,6 THE SCARP,E
NSW2914221,6 THE SCARP,E
NSW2914221,6 THE SCARP,S
NSW2914221,6 THE SCARP,W
NSW2914221,6 THE SCARP,E
NSW2914221,6 THE SCARP,E
NSW2914221,6 THE SCARP,S
NSW2914221,6 THE SCARP,NE
NSW2914221,6 THE SCARP,S
NSW2914221,6 THE SCARP,SE
NSW2914221,6 THE SCARP,SE
NSW2914221,6 THE SCARP,S
NSW2914221,6 THE SCARP,S
NSW2914221,6 THE SCARP,N
NSW2914221,6 THE SCARP,NW
NSW2914221,6 THE SCARP,NW
NSW2914221,6 THE SCARP,SE
NSW2914221,6 THE SCARP,E
NSW2914221,6 THE SCARP,SE
NSW2914221,6 THE SCARP,E
NSW2914221,6 THE SCARP,N
NSW2914221,6 THE SCARP,N
NSW2914221,6 THE SCARP,S
NSW2914221,6 THE SCARP,N
NSW2914221,6 THE SCARP,N
NSW2914221,6 THE SCARP,N
NSW2914221,6 THE SCARP,SE
NSW2914221,6 THE SCARP,N
NSW2914221,6 THE SCARP,S
NSW2914221,6 THE SCARP,S
NSW2914221,6 THE SCARP,SE
NSW2914221,6 THE SCARP,NW
NSW2914221,6 THE SCARP,S
NSW2914221,6 THE SCARP,E
NSW2914152,7 THE REDOUBT,NW
NSW2914152,7 THE REDOUBT,N
NSW2914152,7 THE REDOUBT,SE
NSW2914152,7 THE REDOUBT,E
NSW2914152,7 THE REDOUBT,N
NSW2914152,7 THE REDOUBT,E
NSW2914152,7 THE REDOUBT,NE
NSW2914152,7 THE REDOUBT,W
NSW2924331,76 SUGARLOAF CRESCENT,SE
NSW2924331,76 SUGARLOAF CRESCENT,SE
NSW2924331,76 SUGARLOAF CRESCENT,N
NSW2924331,76 SUGARLOAF CRESCENT,SW
NSW2924331,76 SUGARLOAF CRESCENT,N
NSW2924331,76 SUGARLOAF CRESCENT,E
NSW2924331,76 SUGARLOAF CRESCENT,N
NSW2924331,76 SUGARLOAF CRESCENT,W
NSW2924331,76 SUGARLOAF CRESCENT,S
NSW2924331,76 SUGARLOAF CRESCENT,SW
NSW2924331,76 SUGARLOAF CRESCENT,W
NSW2924331,76 SUGARLOAF CRESCENT,W
NSW2924331,76 SUGARLOAF CRESCENT,S
NSW2924331,76 SUGARLOAF CRESCENT,NW
NSW2924331,76 SUGARLOAF CRESCENT,NW
NSW2924331,76 SUGARLOAF CRESCENT,N
NSW2924331,76 SUGARLOAF CRESCENT,NW
NSW2924331,76 SUGARLOAF CRESCENT,N
NSW2924331,76 SUGARLOAF CRESCENT,SE
NSW2924331,76 SUGARLOAF CRESCENT,SW
NSW2924331,76 SUGARLOAF CRESCENT,E
NSW2924331,76 SUGARLOAF CRESCENT,NW
NSW2924331,76 SUGARLOAF CRESCENT,NE
NSW2924331,76 SUGARLOAF CRESCENT,W
NSW2924331,76 SUGARLOAF CRESCENT,W
NSW2924331,76 SUGARLOAF CRESCENT,NW
NSW2924331,76 SUGARLOAF CRESCENT,SW
NSW2924331,76 SUGARLOAF CRESCENT,N
NSW2924331,76 SUGARLOAF CRESCENT,N
NSW2924331,76 SUGARLOAF CRESCENT,NE
NSW2924331,76 SUGARLOAF CRESCENT,S
NSW2924331,76 SUGARLOAF CRESCENT,SW
NSW2924331,76 SUGARLOAF CRESCENT,S
NSW2924331,76 SUGARLOAF CRESCENT,E
NSW2924331,76 SUGARLOAF CRESCENT,W
NSW2924331,76 SUGARLOAF CRESCENT,NE
NSW2924331,76 SUGARLOAF CRESCENT,W
NSW2924331,76 SUGARLOAF CRESCENT,SW
NSW2924331,76 SUGARLOAF CRESCENT,SE
NSW2924331,76 SUGARLOAF CRESCENT,NW
NSW2924331,76 SUGARLOAF CRESCENT,E
NSW2924331,76 SUGARLOAF CRESCENT,NE
NSW2924331,76 SUGARLOAF CRESCENT,SW
NSW2924331,76 SUGARLOAF CRESCENT,SW
NSW2924331,76 SUGARLOAF CRESCENT,NW
NSW2924331,76 SUGARLOAF CRESCENT,S
NSW2924331,76 SUGARLOAF CRESCENT,NW
NSW2924331,76 SUGARLOAF CRESCENT,NE
NSW2924331,76 SUGARLOAF CRESCENT,SW
NSW2924331,76 SUGARLOAF CRESCENT,SW
NSW2924331,76 SUGARLOAF CRESCENT,SW
NSW2924331,76 SUGARLOAF CRESCENT,SW
NSW2924331,76 SUGARLOAF CRESCENT,SE
NSW2924331,76 SUGARLOAF CRESCENT,NW
NSW2924331,76 SUGARLOAF CRESCENT,W
NSW2924331,76 SUGARLOAF CRESCENT,SW
NSW2924331,76 SUGARLOAF CRESCENT,S
NSW2924331,76 SUGARLOAF CRESCENT,NW
NSW2924331,76 SUGARLOAF CRESCENT,NW
NSW2924331,76 SUGARLOAF CRESCENT,NW
NSW2924331,76 SUGARLOAF CRESCENT,N
NSW2924331,76 SUGARLOAF CRESCENT,E
NSW2924331,76 SUGARLOAF CRESCENT,E
NSW2924331,76 SUGARLOAF CRESCENT,N
NSW2924331,76 SUGARLOAF CRESCENT,SE
NSW2924331,76 SUGARLOAF CRESCENT,SE
NSW2924331,76 SUGARLOAF CRESCENT,E
NSW2924331,76 SUGARLOAF CRESCENT,NW
NSW2924331,76 SUGARLOAF CRESCENT,E
NSW2924331,76 SUGARLOAF CRESCENT,SW
NSW2924331,76 SUGARLOAF CRESCENT,E
NSW2924331,76 SUGARLOAF CRESCENT,E
NSW2924331,76 SUGARLOAF CRESCENT,N
NSW2924331,76 SUGARLOAF CRESCENT,N
NSW2924331,76 SUGARLOAF CRESCENT,NW
NSW2924331,76 SUGARLOAF CRESCENT,N
NSW2924331,76 SUGARLOAF CRESCENT,NW
NSW2924331,76 SUGARLOAF CRESCENT,SW
NSW2924331,76 SUGARLOAF CRESCENT,S
NSW2924331,76 SUGARLOAF CRESCENT,S
NSW2924331,76 SUGARLOAF CRESCENT,E
NSW2924331,76 SUGARLOAF CRESCENT,W
NSW2924331,76 SUGARLOAF CRESCENT,W
NSW2924331,76 SUGARLOAF CRESCENT,SE
NSW2924331,76 SUGARLOAF CRESCENT,E
NSW2924331,76 SUGARLOAF CRESCENT,SW
NSW2924331,76 SUGARLOAF CRESCENT,NW
NSW2924331,76 SUGARLOAF CRESCENT,SW
NSW2924331,76 SUGARLOAF CRESCENT,SW
NSW2924331,76 SUGARLOAF CRESCENT,N
NSW2924331,76 SUGARLOAF CRESCENT,SW
NSW2924331,76 SUGARLOAF CRESCENT,SW
NSW2824909,8 CAWARRAH ROAD,SE
NSW2912410,8 SORTIE PORT,SE
NSW2912410,8 SORTIE PORT,SW
NSW2912410,8 SORTIE PORT,E
NSW2912410,8 SORTIE PORT,S
NSW2912410,8 SORTIE PORT,W
NSW2912410,8 SORTIE PORT,E
NSW2912410,8 SORTIE PORT,E
NSW2912410,8 SORTIE PORT,W
NSW2887526,8A ROCKLEY STREET,SW
NSW2887526,8A ROCKLEY STREET,SW
NSW2887526,8A ROCKLEY STREET,SW
NSW2887526,8A ROCKLEY STREET,SW
NSW2887526,8A ROCKLEY STREET,N
NSW2887526,8A ROCKLEY STREET,SW
NSW2887526,8A ROCKLEY STREET,N
NSW2887526,8A ROCKLEY STREET,W
NSW2887526,8A ROCKLEY STREET,NE
NSW2887526,8A ROCKLEY STREET,E
NSW2887526,8A ROCKLEY STREET,S
NSW2887526,8A ROCKLEY STREET,S
NSW2887526,8A ROCKLEY STREET,W
NSW2887526,8A ROCKLEY STREET,SW
NSW2887526,8A ROCKLEY STREET,SW
NSW2941211,9 EDITH STREET,S
NSW2941211,9 EDITH STREET,S
NSW2941211,9 EDITH STREET,S
NSW2941211,9 EDITH STREET,NW
NSW2941211,9 EDITH STREET,S
NSW2941211,9 EDITH STREET,S
NSW2941211,9 EDITH STREET,S
NSW2941211,9 EDITH STREET,S
NSW2941211,9 EDITH STREET,S
NSW2941211,9 EDITH STREET,S
NSW2912747,9 THE HIGH TOR,S
NSW2912747,9 THE HIGH TOR,W
NSW2912747,9 THE HIGH TOR,E
NSW2912747,9 THE HIGH TOR,SW
NSW2912747,9 THE HIGH TOR,E
NSW2912747,9 THE HIGH TOR,NW
NSW2912747,9 THE HIGH TOR,E
NSW2912747,9 THE HIGH TOR,SE
NSW2912747,9 THE HIGH TOR,SE
NSW2912747,9 THE HIGH TOR,SE
NSW2912747,9 THE HIGH TOR,E
NSW2912747,9 THE HIGH TOR,NW
NSW2912747,9 THE HIGH TOR,N
NSW2914074,9 THE PARAPET,SE
NSW2914074,9 THE PARAPET,SE
NSW2914074,9 THE PARAPET,S
NSW2914074,9 THE PARAPET,SE
NSW2914074,9 THE PARAPET,S
NSW2914074,9 THE PARAPET,SW
NSW2914074,9 THE PARAPET,S
NSW2914074,9 THE PARAPET,SW
NSW2914074,9 THE PARAPET,SE
NSW2914074,9 THE PARAPET,SW
NSW2914074,9 THE PARAPET,NE
NSW2914074,9 THE PARAPET,S
NSW2914074,9 THE PARAPET,SW
NSW2914074,9 THE PARAPET,E
NSW2914074,9 THE PARAPET,SE
NSW2914074,9 THE PARAPET,N
NSW2914074,9 THE PARAPET,S
NSW2914074,9 THE PARAPET,NE
NSW2914074,9 THE PARAPET,SE
NSW2914074,9 THE PARAPET,W
NSW2914074,9 THE PARAPET,W
NSW2914074,9 THE PARAPET,W
NSW2914074,9 THE PARAPET,S
NSW2914074,9 THE PARAPET,NW
NSW2914074,9 THE PARAPET,S
NSW2914074,9 THE PARAPET,S
NSW2914074,9 THE PARAPET,NW
NSW2914074,9 THE PARAPET,N
NSW2914074,9 THE PARAPET,SW
NSW2914074,9 THE PARAPET,S
NSW2914074,9 THE PARAPET,SE
NSW2914074,9 THE PARAPET,N
NSW2914074,9 THE PARAPET,S
NSW2914074,9 THE PARAPET,SW
NSW2914074,9 THE PARAPET,SE
NSW2914074,9 THE PARAPET,SE
NSW2914074,9 THE PARAPET,W
NSW2914074,9 THE PARAPET,W
NSW2914074,9 THE PARAPET,S
NSW2914074,9 THE PARAPET,SW
NSW2911042,"UNIT 1, 2 THE BARBETTE",SE
NSW2911042,"UNIT 1, 2 THE BARBETTE",NE
NSW2911042,"UNIT 1, 2 THE BARBETTE",S
NSW2911042,"UNIT 1, 2 THE BARBETTE",NW
NSW2911042,"UNIT 1, 2 THE BARBETTE",E
NSW2911042,"UNIT 1, 2 THE BARBETTE",N
NSW2911042,"UNIT 1, 2 THE BARBETTE",W
NSW2911042,"UNIT 1, 2 THE BARBETTE",SW
NSW2911042,"UNIT 1, 2 THE BARBETTE",SE
NSW2911042,"UNIT 1, 2 THE BARBETTE",NW
NSW2911042,"UNIT 1, 2 THE BARBETTE",SE
NSW2911042,"UNIT 1, 2 THE BARBETTE",S
NSW2911042,"UNIT 1, 2 THE BARBETTE",N
NSW2911042,"UNIT 1, 2 THE BARBETTE",E
NSW2911042,"UNIT 1, 2 THE BARBETTE",NE
NSW2898023,"UNIT 1, 29 RAEBURN AVENUE",W
NSW2898023,"UNIT 1, 29 RAEBURN AVENUE",W
NSW2898023,"UNIT 1, 29 RAEBURN AVENUE",W
NSW2898023,"UNIT 1, 29 RAEBURN AVENUE",SE
NSW2898023,"UNIT 1, 29 RAEBURN AVENUE",E
NSW2898023,"UNIT 1, 29 RAEBURN AVENUE",W
NSW2898023,"UNIT 1, 29 RAEBURN AVENUE",SE
NSW2898023,"UNIT 1, 29 RAEBURN AVENUE",SE
NSW2898023,"UNIT 1, 29 RAEBURN AVENUE",W
NSW2898023,"UNIT 1, 29 RAEBURN AVENUE",W
NSW2898023,"UNIT 1, 29 RAEBURN AVENUE",E
NSW2898023,"UNIT 1, 29 RAEBURN AVENUE",W
NSW2898023,"UNIT 1, 29 RAEBURN AVENUE",E
NSW2898023,"UNIT 1, 29 RAEBURN AVENUE",E
NSW2898023,"UNIT 1, 29 RAEBURN AVENUE",W
NSW2898023,"UNIT 1, 29 RAEBURN AVENUE",W
NSW2898023,"UNIT 1, 29 RAEBURN AVENUE",W
NSW2898023,"UNIT 1, 29 RAEBURN AVENUE",SE
NSW2898023,"UNIT 1, 29 RAEBURN AVENUE",W
NSW2898023,"UNIT 1, 29 RAEBURN AVENUE",W
NSW2898023,"UNIT 1, 29 RAEBURN AVENUE",NW
NSW2898023,"UNIT 1, 29 RAEBURN AVENUE",W
NSW2898023,"UNIT 1, 29 RAEBURN AVENUE",E
NSW2898023,"UNIT 1, 29 RAEBURN AVENUE",W
NSW2898023,"UNIT 1, 29 RAEBURN AVENUE",SE
NSW2898023,"UNIT 1, 29 RAEBURN AVENUE",E
NSW2898023,"UNIT 1, 29 RAEBURN AVENUE",NW
NSW2898023,"UNIT 1, 29 RAEBURN AVENUE",W
NSW2898023,"UNIT 1, 29 RAEBURN AVENUE",SE
NSW2898023,"UNIT 1, 29 RAEBURN AVENUE",E
NSW2898023,"UNIT 1, 29 RAEBURN AVENUE",S
NSW2898023,"UNIT 1, 29 RAEBURN AVENUE",SE
NSW2898023,"UNIT 1, 29 RAEBURN AVENUE",W
NSW2898023,"UNIT 1, 29 RAEBURN AVENUE",W
NSW2898023,"UNIT 1, 29 RAEBURN AVENUE",SE
NSW2898023,"UNIT 1, 29 RAEBURN AVENUE",E
NSW2898023,"UNIT 1, 29 RAEBURN AVENUE",SE
NSW2898023,"UNIT 1, 29 RAEBURN AVENUE",W
NSW2898023,"UNIT 1, 29 RAEBURN AVENUE",SE
NSW2898023,"UNIT 1, 29 RAEBURN AVENUE",E
NSW2898023,"UNIT 1, 29 RAEBURN AVENUE",E
NSW2898023,"UNIT 1, 29 RAEBURN AVENUE",W
NSW2898023,"UNIT 1, 29 RAEBURN AVENUE",W
NSW2898023,"UNIT 1, 29 RAEBURN AVENUE",E
NSW2898023,"UNIT 1, 29 RAEBURN AVENUE",SE
NSW2898023,"UNIT 1, 29 RAEBURN AVENUE",W
NSW2941200,"UNIT 2, 249 EDINBURGH ROAD",SE
NSW2941200,"UNIT 2, 249 EDINBURGH ROAD",SE
NSW2941200,"UNIT 2, 249 EDINBURGH ROAD",SE
NSW2941200,"UNIT 2, 249 EDINBURGH ROAD",SE
NSW2941200,"UNIT 2, 249 EDINBURGH ROAD",SE
NSW2941200,"UNIT 2, 249 EDINBURGH ROAD",SE
NSW2941200,"UNIT 2, 249 EDINBURGH ROAD",SE
NSW2941200,"UNIT 2, 249 EDINBURGH ROAD",SE
NSW2941200,"UNIT 2, 249 EDINBURGH ROAD",SE
NSW2941200,"UNIT 2, 249 EDINBURGH ROAD",SE
NSW2941200,"UNIT 2, 249 EDINBURGH ROAD",SE
NSW2941200,"UNIT 2, 249 EDINBURGH ROAD",W
NSW2941200,"UNIT 2, 249 EDINBURGH ROAD",NW
NSW2941200,"UNIT 2, 249 EDINBURGH ROAD",W
NSW2941200,"UNIT 2, 249 EDINBURGH ROAD",SE
NSW2941200,"UNIT 2, 249 EDINBURGH ROAD",SE
NSW2941200,"UNIT 2, 249 EDINBURGH ROAD",SE
NSW2941200,"UNIT 2, 249 EDINBURGH ROAD",SE
NSW2941200,"UNIT 2, 249 EDINBURGH ROAD",SE
NSW2941200,"UNIT 2, 249 EDINBURGH ROAD",N
NSW2941200,"UNIT 2, 249 EDINBURGH ROAD",W
NSW2941200,"UNIT 2, 249 EDINBURGH ROAD",SE
NSW2941200,"UNIT 2, 249 EDINBURGH ROAD",NE
NSW2941200,"UNIT 2, 249 EDINBURGH ROAD",E
NSW2941200,"UNIT 2, 249 EDINBURGH ROAD",S
NSW2941200,"UNIT 2, 249 EDINBURGH ROAD",S
NSW2941200,"UNIT 2, 249 EDINBURGH ROAD",W
NSW2941200,"UNIT 2, 249 EDINBURGH ROAD",N
NSW2941200,"UNIT 2, 249 EDINBURGH ROAD",N
NSW2941200,"UNIT 2, 249 EDINBURGH ROAD",S
NSW2941200,"UNIT 2, 249 EDINBURGH ROAD",S
NSW2941200,"UNIT 2, 249 EDINBURGH ROAD",SE
NSW2941200,"UNIT 2, 249 EDINBURGH ROAD",SW
NSW2941200,"UNIT 2, 249 EDINBURGH ROAD",SW
NSW2941200,"UNIT 2, 249 EDINBURGH ROAD",SE
NSW2941200,"UNIT 2, 249 EDINBURGH ROAD",SW
NSW2941200,"UNIT 2, 249 EDINBURGH ROAD",W
NSW2941200,"UNIT 2, 249 EDINBURGH ROAD",SE
NSW2941200,"UNIT 2, 249 EDINBURGH ROAD",E
NSW2941200,"UNIT 2, 249 EDINBURGH ROAD",NE
NSW2941200,"UNIT 2, 249 EDINBURGH ROAD",NE
NSW2941200,"UNIT 2, 249 EDINBURGH ROAD",SE
NSW2941200,"UNIT 2, 249 EDINBURGH ROAD",W
NSW2941200,"UNIT 2, 249 EDINBURGH ROAD",SE
NSW2941200,"UNIT 2, 249 EDINBURGH ROAD",SE
NSW2941200,"UNIT 2, 249 EDINBURGH ROAD",S
NSW2941200,"UNIT 2, 249 EDINBURGH ROAD",SE
NSW2941200,"UNIT 2, 249 EDINBURGH ROAD",NE
NSW2941200,"UNIT 2, 249 EDINBURGH ROAD",S
NSW2941200,"UNIT 2, 249 EDINBURGH ROAD",SE
NSW2941200,"UNIT 2, 249 EDINBURGH ROAD",E
NSW2941200,"UNIT 2, 249 EDINBURGH ROAD",E
NSW2941200,"UNIT 2, 249 EDINBURGH ROAD",SE
NSW2941200,"UNIT 2, 249 EDINBURGH ROAD",NE
NSW2941200,"UNIT 2, 249 EDINBURGH ROAD",W
NSW2941200,"UNIT 2, 249 EDINBURGH ROAD",SW
NSW2941200,"UNIT 2, 249 EDINBURGH ROAD",SE
NSW2941200,"UNIT 2, 249 EDINBURGH ROAD",NW
NSW2941200,"UNIT 2, 249 EDINBURGH ROAD",SE
NSW2941200,"UNIT 2, 249 EDINBURGH ROAD",SE
NSW2941200,"UNIT 2, 249 EDINBURGH ROAD",SE
NSW2941200,"UNIT 2, 249 EDINBURGH ROAD",NW
NSW2941200,"UNIT 2, 249 EDINBURGH ROAD",NW
NSW2941200,"UNIT 2, 249 EDINBURGH ROAD",NW
NSW2941200,"UNIT 2, 249 EDINBURGH ROAD",NW
NSW2941200,"UNIT 2, 249 EDINBURGH ROAD",NW
NSW2941200,"UNIT 2, 249 EDINBURGH ROAD",NW
NSW2941200,"UNIT 2, 249 EDINBURGH ROAD",NW
NSW2941200,"UNIT 2, 249 EDINBURGH ROAD",NW
NSW2941200,"UNIT 2, 249 EDINBURGH ROAD",NW
NSW2941200,"UNIT 2, 249 EDINBURGH ROAD",NW
NSW2941200,"UNIT 2, 249 EDINBURGH ROAD",NW
NSW2941200,"UNIT 2, 249 EDINBURGH ROAD",S
NSW2941200,"UNIT 2, 249 EDINBURGH ROAD",S
NSW2941200,"UNIT 2, 249 EDINBURGH ROAD",S
NSW2941200,"UNIT 2, 249 EDINBURGH ROAD",S
NSW2941200,"UNIT 2, 249 EDINBURGH ROAD",S
NSW2941200,"UNIT 2, 249 EDINBURGH ROAD",S
NSW2941200,"UNIT 2, 249 EDINBURGH ROAD",S
NSW2941200,"UNIT 2, 249 EDINBURGH ROAD",S
NSW2941200,"UNIT 2, 249 EDINBURGH ROAD",W
NSW2941200,"UNIT 2, 249 EDINBURGH ROAD",NW
NSW2941200,"UNIT 2, 249 EDINBURGH ROAD",W
NSW2941200,"UNIT 2, 249 EDINBURGH ROAD",N
NSW2941200,"UNIT 2, 249 EDINBURGH ROAD",NW
NSW2941200,"UNIT 2, 249 EDINBURGH ROAD",SE
NSW2941200,"UNIT 2, 249 EDINBURGH ROAD",NW
NSW2941200,"UNIT 2, 249 EDINBURGH ROAD",NW
NSW2941200,"UNIT 2, 249 EDINBURGH ROAD",SE
NSW2941200,"UNIT 2, 249 EDINBURGH ROAD",SE
NSW2941200,"UNIT 2, 249 EDINBURGH ROAD",SE
NSW2941200,"UNIT 2, 249 EDINBURGH ROAD",SE
NSW2941200,"UNIT 2, 249 EDINBURGH ROAD",SE
NSW2941200,"UNIT 2, 249 EDINBURGH ROAD",SE
NSW2941200,"UNIT 2, 249 EDINBURGH ROAD",SE
NSW2941200,"UNIT 2, 249 EDINBURGH ROAD",NW
NSW2941200,"UNIT 2, 249 EDINBURGH ROAD",W
NSW2941200,"UNIT 2, 249 EDINBURGH ROAD",NW
NSW2941200,"UNIT 2, 249 EDINBURGH ROAD",SE
NSW2941200,"UNIT 2, 249 EDINBURGH ROAD",N
NSW2941200,"UNIT 2, 249 EDINBURGH ROAD",N
NSW2941200,"UNIT 2, 249 EDINBURGH ROAD",SW
NSW2941200,"UNIT 2, 249 EDINBURGH ROAD",W
NSW2941200,"UNIT 2, 249 EDINBURGH ROAD",NW
NSW2941200,"UNIT 2, 249 EDINBURGH ROAD",NW
NSW2941200,"UNIT 2, 249 EDINBURGH ROAD",NW
NSW2941200,"UNIT 2, 249 EDINBURGH ROAD",NW
NSW2941200,"UNIT 2, 249 EDINBURGH ROAD",E
NSW2941200,"UNIT 2, 249 EDINBURGH ROAD",E
NSW2941200,"UNIT 2, 249 EDINBURGH ROAD",E
NSW2941200,"UNIT 2, 249 EDINBURGH ROAD",E
NSW2941200,"UNIT 2, 249 EDINBURGH ROAD",E
NSW2941200,"UNIT 2, 249 EDINBURGH ROAD",NW
NSW2941200,"UNIT 2, 249 EDINBURGH ROAD",NW
NSW2941200,"UNIT 2, 249 EDINBURGH ROAD",N
NSW2941200,"UNIT 2, 249 EDINBURGH ROAD",E
NSW2941200,"UNIT 2, 249 EDINBURGH ROAD",SE
NSW2941200,"UNIT 2, 249 EDINBURGH ROAD",N
NSW2941200,"UNIT 2, 249 EDINBURGH ROAD",SE
NSW2941200,"UNIT 2, 249 EDINBURGH ROAD",E
NSW2941200,"UNIT 2, 249 EDINBURGH ROAD",N
NSW2941200,"UNIT 2, 249 EDINBURGH ROAD",SE
NSW2941200,"UNIT 2, 249 EDINBURGH ROAD",SE
NSW2941200,"UNIT 2, 249 EDINBURGH ROAD",SE
NSW2941200,"UNIT 2, 249 EDINBURGH ROAD",NW
NSW2941200,"UNIT 2, 249 EDINBURGH ROAD",W
NSW2941200,"UNIT 2, 249 EDINBURGH ROAD",W
NSW2941200,"UNIT 2, 249 EDINBURGH ROAD",E
NSW2941200,"UNIT 2, 249 EDINBURGH ROAD",NW
NSW2941200,"UNIT 2, 249 EDINBURGH ROAD",NW
NSW2941200,"UNIT 2, 249 EDINBURGH ROAD",NW
NSW2941200,"UNIT 2, 249 EDINBURGH ROAD",SW
NSW2941200,"UNIT 2, 249 EDINBURGH ROAD",SW
NSW2941200,"UNIT 2, 249 EDINBURGH ROAD",SW
NSW2941200,"UNIT 2, 249 EDINBURGH ROAD",S
NSW2941200,"UNIT 2, 249 EDINBURGH ROAD",SW
NSW2941200,"UNIT 2, 249 EDINBURGH ROAD",S
NSW2941200,"UNIT 2, 249 EDINBURGH ROAD",S
NSW2941200,"UNIT 2, 249 EDINBURGH ROAD",S
NSW2941200,"UNIT 2, 249 EDINBURGH ROAD",N
NSW2941200,"UNIT 2, 249 EDINBURGH ROAD",NE
NSW2941200,"UNIT 2, 249 EDINBURGH ROAD",N
NSW2941200,"UNIT 2, 249 EDINBURGH ROAD",N
NSW2941200,"UNIT 2, 249 EDINBURGH ROAD",S
NSW2941200,"UNIT 2, 249 EDINBURGH ROAD",E
NSW2941200,"UNIT 2, 249 EDINBURGH ROAD",SE
NSW2941200,"UNIT 2, 249 EDINBURGH ROAD",S
NSW2941200,"UNIT 2, 249 EDINBURGH ROAD",SE
NSW2941200,"UNIT 2, 249 EDINBURGH ROAD",N
NSW2941200,"UNIT 2, 249 EDINBURGH ROAD",N
NSW2941200,"UNIT 2, 249 EDINBURGH ROAD",S
NSW2941200,"UNIT 2, 249 EDINBURGH ROAD",S
NSW2941200,"UNIT 2, 249 EDINBURGH ROAD",SE
NSW2941200,"UNIT 2, 249 EDINBURGH ROAD",SE
NSW2941200,"UNIT 2, 249 EDINBURGH ROAD",SE
NSW2941200,"UNIT 2, 249 EDINBURGH ROAD",S
NSW2941200,"UNIT 2, 249 EDINBURGH ROAD",S
NSW2941200,"UNIT 2, 249 EDINBURGH ROAD",E
NSW2941200,"UNIT 2, 249 EDINBURGH ROAD",E
NSW2941200,"UNIT 2, 249 EDINBURGH ROAD",S
NSW2941200,"UNIT 2, 249 EDINBURGH ROAD",SE
NSW2941200,"UNIT 2, 249 EDINBURGH ROAD",E
NSW2941200,"UNIT 2, 249 EDINBURGH ROAD",N
NSW2941200,"UNIT 2, 249 EDINBURGH ROAD",SE
NSW2941200,"UNIT 2, 249 EDINBURGH ROAD",SE
NSW2941200,"UNIT 2, 249 EDINBURGH ROAD",NW
NSW2941200,"UNIT 2, 249 EDINBURGH ROAD",S
NSW2941200,"UNIT 2, 249 EDINBURGH ROAD",S
NSW2941200,"UNIT 2, 249 EDINBURGH ROAD",E
NSW2941200,"UNIT 2, 249 EDINBURGH ROAD",SW
NSW2941200,"UNIT 2, 249 EDINBURGH ROAD",SW
NSW2941200,"UNIT 2, 249 EDINBURGH ROAD",E
NSW2941200,"UNIT 2, 249 EDINBURGH ROAD",S
NSW2941200,"UNIT 2, 249 EDINBURGH ROAD",S
NSW2941200,"UNIT 2, 249 EDINBURGH ROAD",S
NSW2941200,"UNIT 2, 249 EDINBURGH ROAD",SE
NSW2941200,"UNIT 2, 249 EDINBURGH ROAD",W
NSW2941200,"UNIT 2, 249 EDINBURGH ROAD",S
NSW2941200,"UNIT 2, 249 EDINBURGH ROAD",E
NSW2941200,"UNIT 2, 249 EDINBURGH ROAD",W
NSW2941200,"UNIT 2, 249 EDINBURGH ROAD",S
NSW2941200,"UNIT 2, 249 EDINBURGH ROAD",N
NSW2941200,"UNIT 2, 249 EDINBURGH ROAD",NW
NSW2941200,"UNIT 2, 249 EDINBURGH ROAD",SE
NSW2941200,"UNIT 2, 249 EDINBURGH ROAD",E
NSW2941200,"UNIT 2, 249 EDINBURGH ROAD",SE
NSW2941200,"UNIT 2, 249 EDINBURGH ROAD",E
NSW2941200,"UNIT 2, 249 EDINBURGH ROAD",SE
NSW2941200,"UNIT 2, 249 EDINBURGH ROAD",SW
NSW2941200,"UNIT 2, 249 EDINBURGH ROAD",S
NSW2941200,"UNIT 2, 249 EDINBURGH ROAD",E
NSW2941200,"UNIT 2, 249 EDINBURGH ROAD",E
NSW2941200,"UNIT 2, 249 EDINBURGH ROAD",S
NSW2941200,"UNIT 2, 249 EDINBURGH ROAD",S
NSW2941200,"UNIT 2, 249 EDINBURGH ROAD",E
NSW2941200,"UNIT 2, 249 EDINBURGH ROAD",S
NSW2941200,"UNIT 2, 249 EDINBURGH ROAD",S
NSW2941200,"UNIT 2, 249 EDINBURGH ROAD",NW
NSW2941200,"UNIT 2, 249 EDINBURGH ROAD",N
NSW2941200,"UNIT 2, 249 EDINBURGH ROAD",S
NSW2941200,"UNIT 2, 249 EDINBURGH ROAD",SE
NSW2941200,"UNIT 2, 249 EDINBURGH ROAD",SE
NSW2941200,"UNIT 2, 249 EDINBURGH ROAD",S
NSW2941200,"UNIT 2, 249 EDINBURGH ROAD",S
NSW2941200,"UNIT 2, 249 EDINBURGH ROAD",S
NSW2941200,"UNIT 2, 249 EDINBURGH ROAD",E
NSW2941200,"UNIT 2, 249 EDINBURGH ROAD",S
NSW2941200,"UNIT 2, 249 EDINBURGH ROAD",S
NSW2941200,"UNIT 2, 249 EDINBURGH ROAD",W
NSW2941200,"UNIT 2, 249 EDINBURGH ROAD",S
NSW2941200,"UNIT 2, 249 EDINBURGH ROAD",S
NSW2941200,"UNIT 2, 249 EDINBURGH ROAD",E
NSW2941200,"UNIT 2, 249 EDINBURGH ROAD",W
NSW2941200,"UNIT 2, 249 EDINBURGH ROAD",S
NSW2941200,"UNIT 2, 249 EDINBURGH ROAD",E
NSW2941200,"UNIT 2, 249 EDINBURGH ROAD",SW
NSW2941200,"UNIT 2, 249 EDINBURGH ROAD",S
NSW2941200,"UNIT 2, 249 EDINBURGH ROAD",S
NSW2941200,"UNIT 2, 249 EDINBURGH ROAD",S
NSW2941200,"UNIT 2, 249 EDINBURGH ROAD",N
NSW2941200,"UNIT 2, 249 EDINBURGH ROAD",SW
NSW2941200,"UNIT 2, 249 EDINBURGH ROAD",S
NSW2941200,"UNIT 2, 249 EDINBURGH ROAD",S
NSW2941200,"UNIT 2, 249 EDINBURGH ROAD",NE
NSW2941200,"UNIT 2, 249 EDINBURGH ROAD",E
NSW2941200,"UNIT 2, 249 EDINBURGH ROAD",W
NSW2941200,"UNIT 2, 249 EDINBURGH ROAD",W
NSW2941200,"UNIT 2, 249 EDINBURGH ROAD",W
NSW2941200,"UNIT 2, 249 EDINBURGH ROAD",N
NSW2941200,"UNIT 2, 249 EDINBURGH ROAD",N
NSW2941200,"UNIT 2, 249 EDINBURGH ROAD",S
NSW2941200,"UNIT 2, 249 EDINBURGH ROAD",W
NSW2941200,"UNIT 2, 249 EDINBURGH ROAD",SW
NSW2941200,"UNIT 2, 249 EDINBURGH ROAD",S
NSW2941200,"UNIT 2, 249 EDINBURGH ROAD",S
NSW2941200,"UNIT 2, 249 EDINBURGH ROAD",S
NSW2941200,"UNIT 2, 249 EDINBURGH ROAD",NE
NSW2941200,"UNIT 2, 249 EDINBURGH ROAD",W
NSW2941200,"UNIT 2, 249 EDINBURGH ROAD",SE
NSW2941200,"UNIT 2, 249 EDINBURGH ROAD",W
NSW2941200,"UNIT 2, 249 EDINBURGH ROAD",NW
NSW2941200,"UNIT 2, 249 EDINBURGH ROAD",NW
NSW2941200,"UNIT 2, 249 EDINBURGH ROAD",SW
NSW2941200,"UNIT 2, 249 EDINBURGH ROAD",SE
NSW2941200,"UNIT 2, 249 EDINBURGH ROAD",NE
NSW2941200,"UNIT 2, 249 EDINBURGH ROAD",NW
NSW2941200,"UNIT 2, 249 EDINBURGH ROAD",SW
NSW2941200,"UNIT 2, 249 EDINBURGH ROAD",N
NSW2941200,"UNIT 2, 249 EDINBURGH ROAD",SE
NSW2941200,"UNIT 2, 249 EDINBURGH ROAD",NW
NSW2941200,"UNIT 2, 249 EDINBURGH ROAD",SE
NSW2941200,"UNIT 2, 249 EDINBURGH ROAD",N
NSW2941200,"UNIT 2, 249 EDINBURGH ROAD",N
NSW2941200,"UNIT 2, 249 EDINBURGH ROAD",N
NSW2941200,"UNIT 2, 249 EDINBURGH ROAD",SW
NSW2941200,"UNIT 2, 249 EDINBURGH ROAD",SE
NSW2941200,"UNIT 2, 249 EDINBURGH ROAD",SW
